交响乐,Symphony
小夜曲,Serenade
变奏曲,Variations
协奏曲,Concerto
奏鸣曲,Sonata
进行曲,March
四重奏,Quartet
组曲,Suite
前奏曲,Prelude
夜曲,Nocturne
狂想曲,Rhapsody
幻想曲,Fantasia
序曲,Overture
舞曲,Dance
歌曲,Lieder
即兴曲,Impromptu
三重奏,Trio
合唱,Chorus
赋格曲,Fugue
奇想曲,Caprice
练习曲,Etude
华尔兹,Waltz
叙事曲,Ballade
弥撒曲,Mass
赞美诗,Motet
清唱剧,Oratorio
安魂曲,Requiem
前奏与赋格曲,Prelude and Fugue
夜曲集,Nocturnes
圣歌,Chants
波兰舞曲,Polonaise
无言之歌,Lieder ohne Worte
嬉遊曲,Scherzo
马祖卡舞曲,Mazurka
间奏曲,Intermezzo